역사명,노선명,역위도,역경도,역사도로명주소
4.19민주묘지,우이신설선,37.64954,127.01371,서울특별시 강북구 삼양로 519
가락시장,3호선,37.492318,127.1177,서울특별시 송파구 송파대로 지하257(가락동)
가락시장,8호선,37.493004,127.118279,서울특별시 송파구 송파대로 지하257(가락동)
가산디지털단지역,경부선,37.481568,126.882628,서울시 금천구 벚꽃로 309
가산디지털단지,7호선,37.480376,126.882704,서울특별시 금천구 벚꽃로 309(가산동)
가양,서울 도시철도 9호선,37.561111,126.855078,서울특별시 강서구 양천로 지하485
가오리,우이신설선,37.64162,127.01681,서울특별시 강북구 삼양로 426
가좌역,경의중앙선,37.568611,126.914841,서울시 서대문구 수색로 27(남가좌동)
강남,2호선,37.49805,127.02795,서울특별시 강남구 강남대로 지하396(역삼동)
강남,신분당선,37.49738544,127.0278789,서울특별시 강남구 강남대로 지하 396
강남구청,7호선,37.517185,127.04122,서울특별시 강남구 학동로 지하346(삼성동)
강남구청역,분당선,37.516572,127.041575,서울시 강남구 학동로 지하 364
강동,5호선,37.53581,127.13249,서울특별시 강동구 천호대로 지하1097(천호동)
강동구청,8호선,37.530348,127.120461,서울특별시 강동구 올림픽로 지하550(성내동)
강변(동서울터미널),2호선,37.535161,127.094684,서울특별시 광진구 강변역로 53(구의동)
강일,5호선,37.557521,127.176018,서울특별시 강동구 고덕로 지하456(강일동)
개롱,5호선,37.498097,127.134817,서울특별시 송파구 오금로 지하402(가락동)
개봉역,경인선,37.494698,126.858504,서울시 구로구 경인로 40길 47
개포동역,분당선,37.489112,127.066027,서울시 강남구 개포동 지하 420(개포동)
개화,서울 도시철도 9호선,37.578591,126.797833,서울특별시 강서구 개화동로8길 19
개화산,5호선,37.572458,126.806838,서울특별시 강서구 양천로 22(방화동)
거여,5호선,37.493208,127.143983,서울특별시 송파구 오금로 지하499(거여동)
건대입구,2호선,37.540408,127.069231,서울특별시 광진구 아차산로 243(화양동)
건대입구,7호선,37.540882,127.071103,서울특별시 광진구 능동로 지하110(화양동)
경복궁(정부서울청사),3호선,37.575844,126.973576,서울특별시 종로구 사직로 지하130(적선동)
경찰병원,3호선,37.495754,127.124198,서울특별시 송파구 중대로 지하149(가락동)
고덕,5호선,37.555002,127.154214,서울특별시 강동구 고덕로 지하253(고덕동)
고려대(종암),6호선,37.59034,127.03626,서울특별시 성북구 종암로 지하1(종암동)
고속터미널,3호선,37.504953,127.004916,서울특별시 서초구 신반포로 지하188(반포동)
고속터미널,7호선,37.503387,127.005055,서울특별시 서초구 신반포로 지하188(반포동)
고속터미널,서울 도시철도 9호선,37.505933,127.004044,서울특별시 서초구 신반포로 지하188
공덕,5호선,37.544005,126.951058,서울특별시 마포구 마포대로 지하100(공덕동)
공덕,6호선,37.543592,126.951664,서울특별시 마포구 백범로 지하200(공덕동)
공덕,인천국제공항선,37.5427105,126.9516296,서울특별시 마포구 마포대로 92
공덕역,경의중앙선,37.542711,126.952134,서울시 마포구 공덕동 마포대로 92
공릉(서울과학기술대),7호선,37.625642,127.072969,서울특별시 노원구 동일로 지하1074(공릉동)
공항시장,서울 도시철도 9호선,37.563726,126.810678,서울특별시 강서구 방화동로 지하30
관악산,수도권 경량도시철도 신림선,37.46916896,126.944954837,서울특별시 관악구 신림로 23 (신림동)
광나루(장신대),5호선,37.545301,127.103478,서울특별시 광진구 아차산로 지하571(광장동)
광운대역,경원선,37.62357,127.06181,서울시 노원구 석계로 98-2(광운대역)
광운대역,경의중앙선,37.6239,127.062,서울시 노원구 석계로 98-2(광운대역)
광운대역,경춘선,37.623635,127.061975,서울시 노원구 석계로 98-2(광운대역)
광화문(세종문화회관),5호선,37.571645,126.976568,서울특별시 종로구 세종대로 지하172(세종로)
광흥창(서강),6호선,37.547464,126.931971,서울특별시 마포구 독막로 지하165(창전동)
교대(법원·검찰청),2호선,37.493957,127.014431,서울특별시 서초구 서초대로 지하294(서초동)
교대(법원·검찰청),3호선,37.49306,127.013796,서울특별시 서초구 서초대로 지하294(서초동)
구로역,경부선,37.503178,126.882037,서울시 구로구 구로중앙로 174
구로디지털단지,2호선,37.4852931,126.901456,서울특별시 구로구 도림천로 477(구로동)
구룡역,분당선,37.486985,127.059496,서울시 강남구 개포동 175-3
구반포,서울 도시철도 9호선,37.501389,126.987222,서울특별시 서초구 신반포로 지하17
구산,6호선,37.611196,126.9172519,서울특별시 은평구 연서로 지하137-1(구산동)
구의(광진구청),2호선,37.537157,127.0862124,서울특별시 광진구 아차산로 384-1(구의동)
구일역,경인선,37.495973,126.869201,서울시 구로구 구일로 133
구파발,3호선,37.636612,126.918827,서울특별시 은평구 진관2로 지하15-25 (진관동)
국회의사당,서울 도시철도 9호선,37.528105,126.917874,서울특별시 영등포구 국회대로 지하758
군자(능동),5호선,37.557102,127.079559,서울특별시 광진구 천호대로 지하550(능동)
군자(능동),7호선,37.557151,127.079484,서울특별시 광진구 천호대로 지하550(능동)
굽은다리(강동구민회관앞),5호선,37.545442,127.142844,서울특별시 강동구 양재대로 지하1572(명일동)
금천구청역,경부선,37.45576,126.894344,서울시 금천구 시흥대로 63길 91
금호,3호선,37.548269,127.015785,서울특별시 성동구 동호로 지하104(금호동4가)
길동,5호선,37.538022,127.140085,서울특별시 강동구 양재대로 지하1480(길동)
길음,4호선,37.603387,127.025053,서울특별시 성북구 동소문로 지하248(길음동)
김포공항,5호선,37.56217,126.801273,서울특별시 강서구 하늘길 지하77(방화동)
김포공항,서울 도시철도 9호선,37.562056,126.801633,서울특별시 강서구 하늘길 지하77
김포공항,인천국제공항선,37.56211652,126.8015442,서울특별시 강서구 하늘길 77
김포공항역,김포도시철도,37.562309,126.801833,서울특별시 강서구 하늘길 지하 77
김포공항역,서해선,37.5621179,126.804056,서울특별시 강서구 하늘길 지하 77
까치산,5호선,37.5322,126.84645,서울특별시 강서구 강서로 지하54(화곡동)
낙성대(강감찬),2호선,37.47713,126.963583,서울특별시 관악구 남부순환로 지하1928(봉천동)
남구로,7호선,37.486181,126.887372,서울특별시 구로구 도림로 지하7(구로동) 
남부터미널(예술의전당),3호선,37.48494,127.016289,서울특별시 서초구 서초중앙로 지하31(서초동)
남성,7호선,37.484688,126.971108,서울특별시 동작구 사당로 지하218(사당동)
남영역,경부선,37.540597,126.971171,서울시 용산구 한강대로 77길 25(갈월동)
남태령,4호선,37.464339,126.989081,서울특별시 서초구 과천대로 지하816(방배동)
내방,7호선,37.48764,126.993541,서울특별시 서초구 서초대로 지하103(방배동)
노들,서울 도시철도 9호선,37.512726,126.953096,서울특별시 동작구 노량진로 지하238 (본동)
노량진역,경부선,37.514072,126.941671,서울시 동작구 노량진로 151
노량진,서울 도시철도 9호선,37.513667,126.940917,서울특별시 동작구 노량진로 지하130
노원,4호선,37.656274,127.063183,서울특별시 노원구 상계로 69-1(상계동)
노원,7호선,37.654478,127.060555,서울특별시 노원구 동일로 지하1409(상계동)
녹번,3호선,37.600882,126.935758,서울특별시 은평구 통일로 지하602-1(녹번동)
녹사평(용산구청),6호선,37.53469,126.98665,서울특별시 용산구 녹사평대로 지하195(용산동4가)
녹천역,경원선,37.644599,127.051406,서울시 도봉구 덕릉로 376(창동)
논현,7호선,37.511108,127.021385,서울특별시 강남구 학동로 지하102(논현동)
논현,신분당선,37.5108115,127.0213658,서울특별시 강남구 강남대로 492-2
답십리,5호선,37.566833,127.05266,서울특별시 성동구 천호대로 지하300(용답동)
당곡,수도권 경량도시철도 신림선,37.490039105,126.927568759,서울특별시 관악구 보라매로 6 (봉천동)
당산,2호선,37.534807,126.902611,서울특별시 영등포구 당산로 229(당산동6가)
당산,서울 도시철도 9호선,37.533844,126.902222,서울특별시 영등포구 양평로 지하40
대림(구로구청),2호선,37.4932826,126.8949793,서울특별시 구로구 도림천로 351(구로동)
대림(구로구청),7호선,37.492984,126.896997,서울특별시 영등포구 도림로 지하137(대림동)
대모산입구역,분당선,37.491347,127.072702,서울특별시 강남구 개포로 522
대방역,경부선,37.513392,126.926407,서울시 영등포구 여의대방로 300
대방,수도권 경량도시철도 신림선,37.512840166,126.925316781,서울특별시 영등포구 여의대방로 300 (신길동)
대청,3호선,37.493607,127.079526,서울특별시 강남구 일원로 지하2(일원동)
대치,3호선,37.494601,127.063449,서울특별시 강남구 남부순환로 지하2952(대치동)
대흥(서강대앞),6호선,37.547732,126.942214,서울특별시 마포구 대흥로 지하85(대흥동)
도곡,3호선,37.491129,127.055694,서울특별시 강남구 남부순환로 지하2814(도곡동)
도곡역,분당선,37.490914,127.055393,서울시 강남구 남부순환로 지하 2814
도림천,2호선,37.5145589,126.882586,서울특별시 구로구 경인로67길 160(신도림동)
도봉역,경원선,37.679441,127.045521,서울시 도봉구 도봉로 170길 2
도봉산역,경원선,37.689603,127.046047,서울시 도봉구 도봉로 964-33
도봉산,7호선,37.689131,127.046548,서울특별시 도봉구 도봉로 964-40(도봉동)
독립문,3호선,37.574534,126.957902,서울특별시 서대문구 통일로 지하247(현저동)
독바위,6호선,37.618413,126.933035,서울특별시 은평구 불광로 지하129-1(불광동)
독산역,경부선,37.465994,126.889508,서울시 금천구 벚꽃로 115
돌곶이,6호선,37.610522,127.056419,서울특별시 성북구 화랑로 지하243(석관동)
동대문,1호선,37.571646,127.01069,서울특별시 종로구 종로 지하302(창신동)
동대문,4호선,37.57099,127.00925,서울특별시 종로구 율곡로 지하308(종로6가)
동대문역사문화공원(DDP),2호선,37.565609,127.009083,서울특별시 중구 을지로 지하279(을지로7가)
동대문역사문화공원(DDP),4호선,37.565141,127.007808,서울특별시 중구 장충단로 지하230(광희동2가)
동대문역사문화공원(DDP),5호선,37.564682,127.00533,서울특별시 중구 마른내로 지하162(광희동1가)
동대입구,3호선,37.55906,127.005273,서울특별시 중구 동호로 지하256(장충동2가)
동묘앞,1호선,37.573265,127.016459,서울특별시 종로구 종로 359(숭인동)
동묘앞,6호선,37.572275,127.015666,서울특별시 종로구 지봉로 지하24(숭인동)
동작(현충원),4호선,37.503567,126.980171,서울특별시 동작구 현충로 257(동작동)
동작(현충원),서울 도시철도 9호선,37.502878,126.978278,서울특별시 동작구 현충로 지하220 (동작동)
둔촌동,5호선,37.527787,127.136219,서울특별시 강동구 양재대로 지하1369(둔촌동)
둔촌오륜,수도권  도시철도 9호선,37.519339,127.138619,서울특별시 강동구 강동대로 지하 327
등촌,서울 도시철도 9호선,37.551111,126.864722,서울특별시 강서구 공항대로 지하529
디지털미디어시티,6호선,37.5760805,126.901343,서울특별시 은평구 수색로 지하175(증산동)
디지털미디어시티,인천국제공항선,37.577355,126.898025,서울특별시 마포구 성암로 184
디지털미디어시티역,경의중앙선,37.577964,126.900421,서울시 은평구 수색로 193(수색동 37-2)
뚝섬,2호선,37.54718,127.047413,서울특별시 성동구 아차산로 18(성수동1가)
마곡,5호선,37.55865,126.837693,서울특별시 강서구 공항대로 지하163(마곡동)
마곡나루(서울식물원),서울 도시철도 9호선,37.566717,126.8276071,서울특별시 강서구 마곡중앙5로 지하2
마곡나루,인천국제공항선,37.56581914,126.8276358,서울특별시 강서구 마곡중앙로 지하 135
마들,7호선,37.664985,127.057701,서울특별시 노원구 동일로 지하1530-1(상계동)
마장,5호선,37.566066,127.042921,서울특별시 성동구 마장로 지하296(마장동)
마천,5호선,37.494972,127.152784,서울특별시 송파구 마천로57길 지하7(마천동)
마포,5호선,37.539718,126.946043,서울특별시 마포구 마포대로 지하33(도화동)
마포구청,6호선,37.563529,126.903356,서울특별시 마포구 월드컵로 지하190(성산동)
망우역,경춘선,37.599988,127.092031,서울시 중랑구 망우로 55길 11-10
망우역,경의중앙선,37.599288,127.092318,서울시 중랑구 망우로 55길 11-10
망원,6호선,37.556031,126.910129,서울특별시 마포구 월드컵로 지하77(망원동)
매봉,3호선,37.487114,127.046907,서울특별시 강남구 남부순환로 지하2744(도곡동)
먹골,7호선,37.610638,127.077719,서울특별시 중랑구 동일로 지하901(묵동)
면목,7호선,37.588671,127.087503,서울특별시 중랑구 면목로 지하407(면목동) 
명동,4호선,37.560955,126.986271,서울특별시 중구 퇴계로 지하126(충무로2가)
명일,5호선,37.551317,127.144002,서울특별시 강동구 양재대로 지하1632(명일동)
목동,5호선,37.526088,126.864296,서울특별시 양천구 오목로 지하245(목동)
몽촌토성(평화의문),8호선,37.517692,127.11274,서울특별시 송파구 올림픽로 지하383(신천동)
무악재,3호선,37.582658,126.950131,서울특별시 서대문구 통일로 지하361(홍제동)
문래,2호선,37.517993,126.894766,서울특별시 영등포구 당산로 지하28(문래동3가)
문정,8호선,37.485931,127.122473,서울특별시 송파구 송파대로 지하179(문정동)
미아(서울사이버대학),4호선,37.626435,127.026151,서울특별시 강북구 도봉로 지하198(미아동)
미아사거리,4호선,37.613276,127.030083,서울특별시 강북구 도봉로 지하50(미아동)
반포,7호선,37.508171,127.011717,서울특별시 서초구 신반포로 지하241(잠원동)
발산,5호선,37.558692,126.837633,서울특별시 강서구 공항대로 지하267(마곡동)
방배,2호선,37.481469,126.997627,서울특별시 서초구 방배로 지하80(방배동)
방이,5호선,37.508752,127.126054,서울특별시 송파구 양재대로 지하1127(방이동)
방학역,경원선,37.667471,127.044295,서울시 도봉구 도봉로 150다길 3
방화,5호선,37.577669,126.812822,서울특별시 강서구 금낭화로 지하132(방화동)
버티고개,6호선,37.547933,127.006948,서울특별시 중구 다산로 지하38(신당동)
보라매,7호선,37.499916,126.920112,서울특별시 동작구 상도로 지하2(대방동)
보라매,수도권 경량도시철도 신림선,37.500312709,126.920485864,서울특별시 동작구 상도로 지하2 (대방동)
보라매공원,수도권 경량도시철도 신림선,37.495225405,126.918258811,서울특별시 동작구 여의대방로20길 지하11 (신대방동)
보라매병원,수도권 경량도시철도 신림선,37.4929607,126.923886,서울특별시 동작구 보라매로5길 지하24 (신대방동)
보문,6호선,37.585426,127.019722,서울특별시 성북구 보문로 지하116(보문동1가)
보문,우이신설선,37.58551,127.01939,서울특별시 성북구 보문동1가 127-6
복정,8호선,37.471016,127.126746,서울특별시 송파구 송파대로 지하6(장지동)
복정역,분당선,37.469753,127.126627,서울특별시 송파구 송파대로 6
봉은사,수도권  도시철도 9호선,37.514219,127.060245,서울특별시 강남구 봉은사로 601
봉천,2호선,37.482416,126.941696,서울특별시 관악구 남부순환로 지하1721(봉천동)
봉화산(서울의료원),6호선,37.617429,127.0912326,서울특별시 중랑구 신내로 지하232(신내동)
북한산보국문,우이신설선,37.61233,127.00816,서울특별시 성북구 보국문로 지하 88
북한산우이,우이신설선,37.66284,127.01272,서울특별시 강북구 삼양로 지하 676
불광,3호선,37.610154,126.930183,서울특별시 은평구 통일로 지하723-1(대조동)
불광,6호선,37.610919,126.929504,서울특별시 은평구 통일로 지하723-1(대조동)
불암산,4호선,37.67009,127.079004,서울특별시 노원구 상계로 305(상계동)
사가정,7호선,37.580912,127.088502,서울특별시 중랑구 사가정로 지하393(면목동)
사당,2호선,37.476536,126.981631,서울특별시 동작구 남부순환로 지하2089(사당동)
사당,4호선,37.476263,126.981636,서울특별시 동작구  동작대로 지하3(사당동)
사평,서울 도시철도 9호선,37.504161,127.015219,서울특별시 서초구 사평대로 지하285
삼각지(전쟁기념관),4호선,37.534457,126.972992,서울특별시 용산구 한강대로 지하180(한강로1가)
삼각지(전쟁기념관),6호선,37.535563,126.973996,서울특별시 용산구 한강대로 지하185(한강로1가)
삼성(무역센터),2호선,37.508827,127.063203,서울특별시 강남구 테헤란로 지하538(삼성동)
삼성중앙,수도권  도시철도 9호선,37.513011,127.053282,서울특별시 강남구 봉은사로 501
삼양,우이신설선,37.62706,127.01817,서울특별시 강북구 삼양로 지하 259
삼양사거리,우이신설선,37.62144,127.02049,서울특별시 강북구 삼양로 197
삼전,수도권  도시철도 9호선,37.504531,127.087211,서울특별시 송파구 백제고분로 지하 187
상계,4호선,37.660576,127.073199,서울특별시 노원구 상계로 182(상계동)
상도,7호선,37.50279,126.947949,서울특별시 동작구 상도로 지하272(상도1동)
상봉역,경의중앙선,37.596754,127.085553,서울시 중랑구 망우로 297(상봉1동 100-9번지)
상봉,7호선,37.595673,127.085708,서울특별시 중랑구 망우로 297(상봉동)
상봉역,경춘선,37.595254,127.085853,서울시 중랑구 망우로 297(상봉1동 100-9번지)
상수,6호선,37.547704,126.92292,서울특별시 마포구 독막로 지하85(상수동)
상왕십리,2호선,37.564444,127.029322,서울특별시 성동구 왕십리로 지하374(하왕십리동)
상월곡(한국과학기술연구원),6호선,37.606392,127.048509,서울특별시 성북구 화랑로 지하157(상월곡동)
상일동,5호선,37.556714,127.166381,서울특별시 강동구 고덕로 지하359(상일동)
새절(신사),6호선,37.591148,126.913613,서울특별시 은평구 증산로 지하400(신사동)
샛강,서울 도시철도 9호선,37.5173,126.9284,서울특별시 영등포구 의사당대로 지하166
샛강,수도권 경량도시철도 신림선,37.517219937,126.929403964,서울특별시 영등포구 의사당대로 지하166 (여의도동)
서강대역,경의중앙선,37.552132,126.935389,서울시 마포구 서강로 지하 118
서대문,5호선,37.565812,126.966639,서울특별시 종로구 통일로 지하126(평동)
서빙고역,경원선,37.51961,126.988358,서울시 용산구 서빙고로 238(서빙고동 241-11)
서울대벤처타운,수도권 경량도시철도 신림선,37.47204068,126.933976556,서울특별시 관악구 신림로 144 (신림동)
서울대입구(관악구청),2호선,37.481233,126.952745,서울특별시 관악구 남부순환로 지하1822(봉천동)
서울숲역,분당선,37.543647,127.044686,서울시 성동구 왕십리로 지하 77
서울역,1호선,37.55585,126.972103,서울특별시 중구 세종대로 지하2(남대문로 5가)
서울역,4호선,37.553172,126.972706,서울특별시 용산구 한강대로 지하392(동자동)
서울,인천국제공항선,37.55301784,126.9697643,서울특별시 용산구 청파로 378
서울역(경의선),경의중앙선,37.556713,126.971387,서울시 중구 한강대로 405
서울지방병무청,수도권 경량도시철도 신림선,37.50604687,126.922783404,서울특별시 동작구 여의대방로 지하218 (대방동)
서원,수도권 경량도시철도 신림선,37.47827336,126.933228219,서울특별시 관악구 신림로 258 (신림동)
서초,2호선,37.49191,127.007685,서울특별시 서초구 서초대로 지하233(서초동)
석계역,경원선,37.615206,127.065594,서울시 노원구 화랑로 341(월계동 36-4)
석계,6호선,37.614937,127.065922,서울특별시 노원구 화랑로 지하 347-1(월계동) 
석촌,8호선,37.505396,127.106995,서울특별시 송파구 송파대로 지하439(석촌동)
석촌,수도권  도시철도 9호선,37.505078,127.106944,서울특별시 송파구 석촌동 209
석촌고분,수도권  도시철도 9호선,37.502439,127.096611,서울특별시 송파구 삼학사로 지하 53 
선릉,2호선,37.504257,127.048174,서울특별시 강남구 테헤란로 지하340(삼성동)
선릉역,분당선,37.504479,127.048941,서울시 강남구 테헤란로 지하 340
선유도,서울 도시철도 9호선,37.537778,126.893889,서울특별시 영등포구 양평로 지하124
선정릉,수도권  도시철도 9호선,37.51028,127.0437593,서울특별시 강남구 선릉로 580
선정릉역,분당선,37.510775,127.043717,서울시 강남구 선릉로 지하 580(삼성동)
성수,2호선,37.544628,127.055983,서울특별시 성동구 아차산로 100(성수동2가)
성신여대입구,우이신설선,37.59247,127.01656,서울특별시 성북구 동선동1가 116-1
성신여대입구(돈암),4호선,37.592882,127.016908,서울특별시 성북구 동소문로 지하102(동선동4가)
솔밭공원,우이신설선,37.65607,127.01326,서울특별시 강북구 삼양로 595
솔샘,우이신설선,37.62037,127.01357,서울특별시 강북구 솔샘로 지하 189
송정,5호선,37.561201,126.812052,서울특별시 강서구 공항대로 지하33(공항동)
송파,8호선,37.49978,127.11212,서울특별시 송파구 송파대로 지하354(가락동)
송파나루,수도권  도시철도 9호선,37.51055,127.112451,서울특별시 송파구 백제고분로 지하 446
수락산,7호선,37.677804,127.055314,서울특별시 노원구 동일로 지하1662(상계동)
수색역,경의중앙선,37.580855,126.895681,서울시 은평구 수색로 261-1
수서,3호선,37.4875,127.101924,서울특별시 강남구 광평로 지하270(수서동)
수서역,분당선,37.487633,127.101118,서울시 강남구 광평로 지하 270(수서동)
수유(강북구청),4호선,37.637727,127.025371,서울특별시 강북구 도봉로 지하338(수유동)
숙대입구(갈월),4호선,37.5447834,126.9721,서울특별시 용산구 한강대로 지하306(갈월동)
숭실대입구(살피재),7호선,37.496258,126.953649,서울특별시 동작구 상도로 지하378(상도동)
시청,1호선,37.565211,126.977207,서울특별시 중구 세종대로 지하101(정동)
시청,2호선,37.563534,126.975271,서울특별시 중구 서소문로 지하127(서소문동)
신금호,5호선,37.554504,127.020403,서울특별시 성동구 금호로 지하154(금호동2가)
신길역,경부선,37.517018,126.917743,서울시 영등포구 영등포로 327
신길,5호선,37.51763,126.914886,서울특별시 영등포구 경인로114가길 지하9(영등포동1가)
신내,6호선,37.612571,127.104326,서울특별시 중랑구 용마산로136길 33 신내차량기지
신내역,경춘선,37.612855,127.103277,서울시 중랑구 망우동 320-2
신논현,서울 도시철도 9호선,37.504444,127.024417,서울특별시 강남구 봉은사로 지하102
신논현,신분당선,37.50405543,127.0247306,서울특별시 강남구 강남대로 302-2
신답,2호선,37.569847,127.047048,서울특별시 성동구 천호대로 232(용답동)
신당,2호선,37.565675,127.0194259,서울특별시 중구 퇴계로 지하431-1(신당동)
신당,6호선,37.566174,127.016158,서울특별시 중구 다산로 지하260(흥인동)
신대방,2호선,37.487604,126.913479,서울특별시 동작구 대림로 2(신대방동)
신대방삼거리,7호선,37.499717,126.928218,서울특별시 동작구 상도로 지하76(대방동)
신도림역,경부선,37.508983,126.891513,서울시 구로구 새말로 117-21
신도림,2호선,37.508815,126.891222,서울특별시 구로구 새말로 지하 117-21(신도림동)
신림,2호선,37.484216,126.929573,서울특별시 관악구 남부순환로 지하1614(신림동)
신림,수도권 경량도시철도 신림선,37.484890755,126.92960992,서울특별시 관악구 남부순환로 지하1614 (신림동)
신목동,서울 도시철도 9호선,37.544167,126.883056,서울특별시 양천구 목동중앙로 지하217
신반포,서울 도시철도 9호선,37.5035033,126.996044,서울특별시 서초구 신반포로 지하105
신방화,서울 도시철도 9호선,37.5675,126.816667,서울특별시 강서구 방화대로 지하301
신사,3호선,37.516438,127.020247,서울특별시 강남구 도산대로 지하102(신사동)
신사,신분당선,37.51612526,127.0195609,서울특별시 강남구 강남대로 620-2
신설동,1호선,37.576117,127.02471,서울특별시 동대문구 왕산로 지하1(신설동)
신설동,2호선,37.574653,127.025158,서울특별시 동대문구 왕산로 지하 1(신설동)
신설동,우이신설선,37.57659,127.023221,서울특별시 동대문구 신설동 132-259
신용산,4호선,37.52909,126.96788,서울특별시 용산구 한강대로 지하112(한강로2가)
신이문역,경원선,37.601829,127.067347,서울시 동대문구 한천로 472(이문로 7)
신정(은행정),5호선,37.525001,126.856176,서울특별시 양천구 오목로 지하179(신정동)
신정네거리,2호선,37.520218,126.852849,서울특별시 양천구 중앙로 지하261(신정동)
신촌(지하),2호선,37.555153,126.93689,서울특별시 마포구 신촌로 지하90(노고산동)
신촌역,경의중앙선,37.559768,126.942308,서울특별시 서대문구 신촌역로 30 신촌민자역사
신풍,7호선,37.500107,126.909806,서울특별시 영등포구 신풍로 지하27(신길동)
쌍문,4호선,37.648274,127.034381,서울특별시 도봉구 도봉로 지하 486-1(창동)
아차산(어린이대공원후문),5호선,37.552005,127.089609,서울특별시 광진구 천호대로 지하657(능동)
아현,2호선,37.557407,126.956079,서울특별시 마포구 신촌로 지하270(아현동)
안국,3호선,37.576562,126.98547,서울특별시 종로구 율곡로 지하62(안국동)
안암(고대병원앞),6호선,37.586261,127.02903,서울특별시 성북구 고려대로 지하89(안암동5가)
암사,8호선,37.550127,127.127521,서울특별시 강동구 올림픽로 지하776(암사동)
암사역사공원,8호선,37.557167,127.137556,서울시 강동구 아리수로 27번길 2
압구정,3호선,37.526169,127.028502,서울특별시 강남구 압구정로 지하172(신사동)
압구정로데오역,분당선,37.527385,127.040555,서울시 강남구 압구정동 495(강남구 압구정로 지하 402)
애오개,5호선,37.553592,126.956733,서울특별시 마포구 마포대로 지하210(아현동)
약수,3호선,37.554554,127.010858,서울특별시 중구 다산로 지하122(신당동)
약수,6호선,37.554087,127.010237,서울특별시 중구 다산로 지하115(신당동)
양원역,경의중앙선,36.963729,129.091321,서울시 중랑구 송림길 147(망우동)
양재(서초구청),3호선,37.48458,127.03423,서울특별시 서초구 남부순환로 지하2585(서초동)
양재(서초구청),신분당선,37.48445352,127.0340995,서울시 서초구 남부순환로 지하 2585
양재시민의숲(매헌),신분당선,37.47096388,127.0384203,서울특별시 서초구 매헌로 지하 116
양천구청,2호선,37.5123294,126.865593,서울특별시 양천구 목동로3길 지하33(신정동)
양천향교,서울 도시철도 9호선,37.568333,126.841389,서울특별시 강서구 양천로 지하341
양평,5호선,37.525614,126.886177,서울특별시 영등포구 양산로 지하21(양평동2가)
어린이대공원(세종대),7호선,37.547962,127.07465,서울특별시 광진구 능동로 지하210(화양동)
언주,수도권  도시철도 9호선,37.507287,127.033868,서울특별시 강남구 봉은사로 201
여의나루,5호선,37.527045,126.932807,서울특별시 영등포구 여의동로 지하343(여의도동)
여의도,5호선,37.521678,126.924318,서울특별시 영등포구 여의나루로 지하40(여의도동)
여의도,서울 도시철도 9호선,37.521744,126.924167,서울특별시 영등포구 의사당대로 지하101 (여의도동)
역삼,2호선,37.500658,127.03643,서울특별시 강남구 테헤란로 지하156(역삼동)
역촌,6호선,37.60605,126.922764,서울특별시 은평구 서오릉로 지하63(녹번동)
연신내,3호선,37.619295,126.920959,서울특별시 은평구 통일로 지하849(갈현동)
연신내,6호선,37.618483,126.920403,서울특별시 은평구 통일로 지하849(갈현동)
염창,서울 도시철도 9호선,37.546944,126.874722,서울특별시 강서구 공항대로 지하631
영등포역,경부선,37.515756,126.907411,서울시 영등포구 경인로 846(영등포동 1가 618-496)
영등포구청,2호선,37.525766,126.896627,서울특별시 영등포구 당산로 지하121(당산동3가)
영등포구청,5호선,37.524209,126.895022,서울특별시 영등포구 양산로 지하116(당산동3가)
영등포시장,5호선,37.52276,126.905143,서울특별시 영등포구 양산로 지하200(영등포동5가)
오금,3호선,37.502288,127.128344,서울특별시 송파구 오금로 지하321(오금동)
오금,5호선,37.502228,127.127701,서울특별시 송파구 오금로 지하321(오금동)
오류동역,경인선,37.4944,126.844551,서울시 구로구 경인로 20길 13
오목교(목동운동장앞),5호선,37.524557,126.875049,서울특별시 양천구 오목로 지하342(목동)
옥수,3호선,37.541653,127.017303,서울특별시 성동구 동호로 21(옥수동)
옥수역,경원선,37.540514,127.018698,서울시 성동구 동호로 지하21(옥수동)
온수역,경인선,37.492267,126.823399,서울시 구로구 부일로 872
온수(성공회대입구),7호선,37.492059,126.823294,서울특별시 구로구 경인로3길 지하64(온수동)
올림픽공원(한국체대),5호선,37.516217,127.130957,서울특별시 송파구 양재대로 지하1233(방이동)
올림픽공원(한국체대),수도권  도시철도 9호선,37.516111,127.130333,서울특별시 송파구 양재대로 지하 1233
왕십리(성동구청),2호선,37.561289,127.0370615,서울특별시 성동구 왕십리로 지하300(행당동)
왕십리(성동구청),5호선,37.56197,127.037264,서울특별시 성동구 왕십리로 지하300(행당동)
왕십리역,분당선,37.5610128,127.038705,서울시 성동구 왕십리 광장로 17(행당동)
왕십리역,경원선,37.561728,127.038405,서울시 성동구 왕십리 광장로 17(행당동)
외대앞역,경원선,37.596157,127.063572,서울시 동대문구 휘경로 27(이문동 360-5)
용답,2호선,37.562066,127.05087863,서울특별시 성동구 용답길 86(용답동)
용두(동대문구청),2호선,37.574012,127.03811,서울특별시 동대문구 천호대로 지하129(용두동)
용마산(용마폭포공원),7호선,37.573752,127.086802,서울특별시 중랑구 용마산로 지하227(면목동)
용산역,경부선,37.52989,126.964775,서울시 용산구 한강대로 23길 55(한강로 3가 40-999)
용산역,경원선,37.52989,126.964775,서울시 용산구 한강대로 23길 55(한강로 3가 40-999)
우장산,5호선,37.548864,126.83633,서울특별시 강서구 강서로 지하262(화곡동)
월계역,경원선,37.633114,127.058835,서울시 노원구 월계로 53길 40(월계2동 261)
월곡(동덕여대),6호선,37.60192,127.041492,서울특별시 성북구 월곡로 지하107(하월곡동)
월드컵경기장(성산),6호선,37.569439,126.899077,서울특별시 마포구 월드컵로 지하240(성산동)
을지로3가,2호선,37.566292,126.990873,서울특별시 중구 을지로 지하106(을지로3가)
을지로3가,3호선,37.566299,126.992616,서울특별시 중구 을지로 지하129(을지로3가)
을지로4가,2호선,37.566611,126.997622,서울특별시 중구 을지로 지하178(을지로4가)
을지로4가,5호선,37.56728,126.998127,서울특별시 중구 창경궁로 지하51(주교동)
을지로입구,2호선,37.565998,126.982569,서울특별시 중구 을지로 지하42(을지로1가)
응봉역,경원선,37.550433,127.034824,서울시 성동구 고산자로 123(응봉동)
응암,6호선,37.59859,126.915583,서울특별시 은평구 증산로 지하477(신사동)
이대,2호선,37.556734,126.945897,서울특별시 마포구 신촌로 지하180(염리동)
이수,7호선,37.485258,126.981766,서울특별시 동작구 사당로 지하310(사당동)
이촌역,경원선,37.522476,126.973816,서울시 용산구 이촌로 71길 42
이촌(국립중앙박물관),4호선,37.52919,126.9679818,서울특별시 용산구 서빙고로 지하83(용산동5가)
이태원,6호선,37.534485,126.994369,서울특별시 용산구 이태원로 지하177(이태원동)
일원,3호선,37.48389,127.08416,서울특별시 강남구 일원로 지하121(일원동)
자양(뚝섬한강공원),7호선,37.531558,127.066714,서울특별시 광진구 능동로 10(자양동)
잠실(송파구청),2호선,37.513305,127.100129,서울특별시 송파구 올림픽로 지하265(신천동)
잠실(송파구청),8호선,37.514649,127.104267,서울특별시 송파구 올림픽로 305(신천동)
잠실나루,2호선,37.520688,127.103836,서울특별시 송파구 오금로 20(신천동)
잠실새내,2호선,37.511653,127.086224,서울특별시 송파구 올림픽로 지하140(잠실동)
잠원,3호선,37.512989,127.011613,서울특별시 서초구 잠원로4길 지하46(잠원동)
장승배기,7호선,37.504845,126.939025,서울특별시 동작구 상도로 지하188(상도동) 
장지,8호선,37.478609,127.126229,서울특별시 송파구 송파대로 지하82(장지동)
장한평,5호선,37.561438,127.064601,서울특별시 동대문구 천호대로 지하405(장안동)
정릉,우이신설선,37.60278,127.01345,서울특별시 성북구 아리랑로 지하 122
제기동,1호선,37.578116,127.034902,서울특별시 동대문구 왕산로 지하93(제기동)
종각,1호선,37.570203,126.983116,서울특별시 종로구 종로 지하55(종로1가)
종로3가,1호선,37.570429,126.992095,서울특별시 종로구 종로 지하129(종로3가)
종로3가,3호선,37.571537,126.991837,서울특별시 종로구 돈화문로 지하30(묘동)
종로3가(탑골공원),5호선,37.572546,126.990447,서울특별시 종로구 돈화문로11길 지하 26(돈의동)
종로5가,1호선,37.570971,127.0019,서울특별시 종로구 종로 지하216(종로5가)
종합운동장,2호선,37.511128,127.073841,서울특별시 송파구 올림픽로 지하23(잠실동)
종합운동장,수도권  도시철도 9호선,37.511156,127.076917,서울특별시 송파구 올림픽로 23
중계,7호선,37.645052,127.064084,서울특별시 노원구 동일로 지하1308-1(중계동)
중곡,7호선,37.565877,127.084291,서울특별시 광진구 능동로 지하417(중곡동)
중랑역,경의중앙선,37.594948,127.076152,서울특별시 중랑구 중랑역로 9
중랑역,경춘선,37.594948,127.076152,서울특별시 중랑구 중랑역로 9
중앙보훈병원,수도권  도시철도 9호선,37.528807,127.148488,서울특별시 강동구 명일로 지하 117
중화,7호선,37.602604,127.079254,서울특별시 중랑구 동일로 지하797(중화동)
증미,서울 도시철도 9호선,37.55785,126.861067,서울특별시 강서구 양천로 지하560
증산(명지대앞),6호선,37.583989,126.909785,서울특별시 은평구 증산로 지하306(증산동)
창동,4호선,37.653315,127.048304,서울특별시 도봉구 마들로11길 77(창동)
창동역,경원선,37.653181,127.047663,서울시 도봉구 마들로 11길 77(창1동 135-86)
창신,6호선,37.579772,127.015246,서울특별시 종로구 지봉로 지하112(창신동)
천왕,7호선,37.486699,126.838684,서울특별시 구로구 오리로 지하1154(천왕동)
천호(풍납토성),5호선,37.538566,127.123539,서울특별시 강동구 천호대로 지하997(천호동)
천호(풍납토성),8호선,37.53792,127.123179,서울특별시 강동구 천호대로 지하997(천호동)
청계산입구,신분당선,37.44871485,127.0543396,서울특별시 서초구 청계산로 지하 179
청구,5호선,37.560237,127.01379,서울특별시 중구 청구로 지하77(신당동)
청구,6호선,37.560221,127.013776,서울특별시 중구 청구로 지하77(신당동)
청담,7호선,37.519097,127.051851,서울특별시 강남구 학동로 지하508(청담동)
청량리역,경원선,37.580543,127.048077,서울시 동대문구 왕산로 214
청량리역,경의중앙선,37.580043,127.047588,서울시 동대문구 왕산로 214
청량리(서울시립대입구),1호선,37.580148,127.045063,서울특별시 동대문구 왕산로 지하205(전농동)
총신대입구(이수),4호선,37.487521,126.982309,서울특별시 동작구 동작대로 지하117(사당동)
총신대입구(이수),7호선,37.485258,126.981766,서울특별시 동작구 사당로 지하310(사당동)
충무로,3호선,37.561382,126.994173,서울특별시 중구 퇴계로 지하214(필동2가)
충무로,4호선,37.561352,126.994573,서울특별시 중구 퇴계로 지하214(필동2가)
충정로(경기대입구),2호선,37.559742,126.964455,서울특별시 서대문구 서소문로 지하17(충정로3가)
충정로(경기대입구),5호선,37.560061,126.962783,서울특별시 서대문구 충정로 지하 28-1(충정로3가)
태릉입구,6호선,37.617319,127.074741,서울특별시 노원구 동일로 지하 992-1(공릉동)
태릉입구,7호선,37.618519,127.075361,서울특별시 노원구 동일로 지하 992-1(공릉동)
하계,7호선,37.636363,127.067999,서울특별시 노원구 동일로 지하1196(하계동)
학동,7호선,37.514262,127.031738,서울특별시 강남구 학동로 지하180(논현동)
학여울,3호선,37.496787,127.0708601,서울특별시 강남구 남부순환로 지하3104(대치동)
한강진,6호선,37.53956,127.001729,서울특별시 용산구 이태원로 지하287(한남동)
한남역,경원선,37.529361,127.008984,서울시 용산구 독서당로6길 12-13(한남동)
한성대입구(삼선교),4호선,37.58838,127.005951,서울특별시 성북구 삼선교로 지하1(삼선동1가)
한성백제,수도권  도시철도 9호선,37.516369,127.116211,서울특별시 송파구 위례성대로 지하 51
한양대,2호선,37.555758,127.0436594,서울특별시 성동구 왕십리로 206(행당동)
한티역,분당선,37.496208,127.052883,서울시 강남구 선릉로 지하 228
합정,2호선,37.550025,126.914557,서울특별시 마포구 양화로 지하55(서교동)
합정,6호선,37.549033,126.913546,서울특별시 마포구 양화로 지하45(합정동)
행당,5호선,37.557297,127.029482,서울특별시 성동구 행당로 지하89(행당동)
혜화,4호선,37.582116,127.001929,서울특별시 종로구 대학로 지하120(명륜4가)
홍대입구,2호선,37.556748,126.923643,서울특별시 마포구 양화로 지하160(동교동)
홍대입구,인천국제공항선,37.55774103,126.9264939,서울특별시 마포구 양화로 188
홍대입구역,경의중앙선,37.55758,126.926833,서울시 마포구 양화로 지하 188
홍제,3호선,37.588851,126.944092,서울특별시 서대문구 통일로 지하440-1(홍제동)
화계,우이신설선,37.63428,127.0175,서울특별시 강북구 삼양로 341
화곡,5호선,37.541585,126.840436,서울특별시 강서구 화곡로 지하168(화곡동)
화랑대(서울여대입구),6호선,37.619875,127.084106,서울특별시 노원구 화랑로 지하510(공릉동)
회기역,경원선,37.589602,127.057936,서울시 동대문구 회기로196(휘경동 317-101)
회기역,경의중앙선,37.589802,127.057936,서울시 동대문구 회기로196(휘경동 317-101)
회현(남대문시장),4호선,37.558698,126.978346,서울특별시 중구 퇴계로 지하54(남창동)
효창공원앞,6호선,37.539279,126.961348,서울특별시 용산구 백범로 지하287(효창동)
효창공원앞역,경의중앙선,37.538789,126.962339,서울시 용산구 용문동 5-157
흑석(중앙대입구),서울 도시철도 9호선,37.508889,126.963611,서울특별시 동작구 현충로 지하90 (흑석동)
